checkpoint_dir,checkpoint_path,checkpoint_exists,checkpoint_sha256,model_name,model_size,hook,hook_block_index_zero_based,architecture_sequence_length,actual_register_positions,actual_register_interval,selected_positions,selected_interval,selector_matches_architecture,checkpoint_context_length_after_selection,selector_source,selector_expression
saes/facebook_dinov2-with-registers-base/enc_res_out_layer_11_top_k_2048_6_1.0_27743678_registers_only/trainer_0,saes/facebook_dinov2-with-registers-base/enc_res_out_layer_11_top_k_2048_6_1.0_27743678_registers_only/trainer_0/ae.pt,True,8c4778e1e6e8218880ebf91cbaefc7411b618cf989e05296af1e9298a1cfd9b9,facebook/dinov2-with-registers-base,base,enc_res_out_layer_11,11,261,"[1, 2, 3, 4]",[1:5),"[257, 258, 259, 260]",[257:261),False,4,"dictionary_learning.buffer._select_vision_tokens(training=True, token_subset='registers_only')","hidden_states[:, -num_register_tokens:, :]"
saes/facebook_dinov2-with-registers-base/enc_res_out_layer_4_top_k_2048_6_1.0_57931163_registers_only/trainer_0,saes/facebook_dinov2-with-registers-base/enc_res_out_layer_4_top_k_2048_6_1.0_57931163_registers_only/trainer_0/ae.pt,True,a5c4628e02095b9675306300d64c46da3cd10d0280b7cc05759dc456bd86577e,facebook/dinov2-with-registers-base,base,enc_res_out_layer_4,4,261,"[1, 2, 3, 4]",[1:5),"[257, 258, 259, 260]",[257:261),False,4,"dictionary_learning.buffer._select_vision_tokens(training=True, token_subset='registers_only')","hidden_states[:, -num_register_tokens:, :]"
saes/facebook_dinov2-with-registers-base/enc_res_out_layer_8_top_k_2048_6_1.0_31157977_registers_only/trainer_0,saes/facebook_dinov2-with-registers-base/enc_res_out_layer_8_top_k_2048_6_1.0_31157977_registers_only/trainer_0/ae.pt,True,d747331ce2f9203e85c67cc15c8b32fe3112d9817c1dc55ad9ea72d46b1c6462,facebook/dinov2-with-registers-base,base,enc_res_out_layer_8,8,261,"[1, 2, 3, 4]",[1:5),"[257, 258, 259, 260]",[257:261),False,4,"dictionary_learning.buffer._select_vision_tokens(training=True, token_subset='registers_only')","hidden_states[:, -num_register_tokens:, :]"
saes/facebook_dinov2-with-registers-large/enc_res_out_layer_11_top_k_2048_6_1.0_56994466_registers_only/trainer_0,saes/facebook_dinov2-with-registers-large/enc_res_out_layer_11_top_k_2048_6_1.0_56994466_registers_only/trainer_0/ae.pt,True,7a6650772eab52d87edbe0f3d3fe4b79654cd3a441b567735bdc0de8f0db63b5,facebook/dinov2-with-registers-large,large,enc_res_out_layer_11,11,261,"[1, 2, 3, 4]",[1:5),"[257, 258, 259, 260]",[257:261),False,4,"dictionary_learning.buffer._select_vision_tokens(training=True, token_subset='registers_only')","hidden_states[:, -num_register_tokens:, :]"
saes/facebook_dinov2-with-registers-large/enc_res_out_layer_4_top_k_2048_6_1.0_83652656_registers_only/trainer_0,saes/facebook_dinov2-with-registers-large/enc_res_out_layer_4_top_k_2048_6_1.0_83652656_registers_only/trainer_0/ae.pt,True,b667129dac10ee71ea85ff3075f682758ecfce7839568df4b4b7d9c440ff1647,facebook/dinov2-with-registers-large,large,enc_res_out_layer_4,4,261,"[1, 2, 3, 4]",[1:5),"[257, 258, 259, 260]",[257:261),False,4,"dictionary_learning.buffer._select_vision_tokens(training=True, token_subset='registers_only')","hidden_states[:, -num_register_tokens:, :]"
saes/facebook_dinov2-with-registers-large/enc_res_out_layer_8_top_k_2048_6_1.0_22248966_registers_only/trainer_0,saes/facebook_dinov2-with-registers-large/enc_res_out_layer_8_top_k_2048_6_1.0_22248966_registers_only/trainer_0/ae.pt,True,f8b64fa9f6ca81c804c15f44a19e85455515820746b29fb4978fe00c21651b10,facebook/dinov2-with-registers-large,large,enc_res_out_layer_8,8,261,"[1, 2, 3, 4]",[1:5),"[257, 258, 259, 260]",[257:261),False,4,"dictionary_learning.buffer._select_vision_tokens(training=True, token_subset='registers_only')","hidden_states[:, -num_register_tokens:, :]"
saes/facebook_dinov2-with-registers-small/enc_res_out_layer_11_top_k_2048_6_1.0_17002257_registers_only/trainer_0,saes/facebook_dinov2-with-registers-small/enc_res_out_layer_11_top_k_2048_6_1.0_17002257_registers_only/trainer_0/ae.pt,True,dba3e1796ba165f71258e790048f687f2a4312db98e912c1abc5dff5427ff485,facebook/dinov2-with-registers-small,small,enc_res_out_layer_11,11,261,"[1, 2, 3, 4]",[1:5),"[257, 258, 259, 260]",[257:261),False,4,"dictionary_learning.buffer._select_vision_tokens(training=True, token_subset='registers_only')","hidden_states[:, -num_register_tokens:, :]"
saes/facebook_dinov2-with-registers-small/enc_res_out_layer_4_top_k_2048_6_1.0_88314590_registers_only/trainer_0,saes/facebook_dinov2-with-registers-small/enc_res_out_layer_4_top_k_2048_6_1.0_88314590_registers_only/trainer_0/ae.pt,True,f0b79a6f580ba84a474c87970e252dc2237d53fb2c355fb31faad31711733cee,facebook/dinov2-with-registers-small,small,enc_res_out_layer_4,4,261,"[1, 2, 3, 4]",[1:5),"[257, 258, 259, 260]",[257:261),False,4,"dictionary_learning.buffer._select_vision_tokens(training=True, token_subset='registers_only')","hidden_states[:, -num_register_tokens:, :]"
saes/facebook_dinov2-with-registers-small/enc_res_out_layer_8_top_k_128_6_0.05_14945967_registers_only/trainer_0,saes/facebook_dinov2-with-registers-small/enc_res_out_layer_8_top_k_128_6_0.05_14945967_registers_only/trainer_0/ae.pt,True,2108294b6e6ab373c94f7b4bc75a03cd135b44762eb640c947274967abf89ada,facebook/dinov2-with-registers-small,small,enc_res_out_layer_8,8,261,"[1, 2, 3, 4]",[1:5),"[257, 258, 259, 260]",[257:261),False,4,"dictionary_learning.buffer._select_vision_tokens(training=True, token_subset='registers_only')","hidden_states[:, -num_register_tokens:, :]"
saes/facebook_dinov2-with-registers-small/enc_res_out_layer_8_top_k_128_6_0.05_33958568_registers_only/trainer_0,saes/facebook_dinov2-with-registers-small/enc_res_out_layer_8_top_k_128_6_0.05_33958568_registers_only/trainer_0/ae.pt,True,1a770d9ac7ebdff3dc644e657611c9d1ade69b5a5fd4b036e2b96149d7b62803,facebook/dinov2-with-registers-small,small,enc_res_out_layer_8,8,261,"[1, 2, 3, 4]",[1:5),"[257, 258, 259, 260]",[257:261),False,4,"dictionary_learning.buffer._select_vision_tokens(training=True, token_subset='registers_only')","hidden_states[:, -num_register_tokens:, :]"
saes/facebook_dinov2-with-registers-small/enc_res_out_layer_8_top_k_2048_6_1.0_22192860_registers_only/trainer_0,saes/facebook_dinov2-with-registers-small/enc_res_out_layer_8_top_k_2048_6_1.0_22192860_registers_only/trainer_0/ae.pt,True,8785d8bd438d61262794d99ce4a3cca0b97f6aa0478237cc259e52fbcc967889,facebook/dinov2-with-registers-small,small,enc_res_out_layer_8,8,261,"[1, 2, 3, 4]",[1:5),"[257, 258, 259, 260]",[257:261),False,4,"dictionary_learning.buffer._select_vision_tokens(training=True, token_subset='registers_only')","hidden_states[:, -num_register_tokens:, :]"
saes/facebook_dinov2-with-registers-small/enc_res_out_layer_8_top_k_64_6_0.01_10197885_registers_only/trainer_0,saes/facebook_dinov2-with-registers-small/enc_res_out_layer_8_top_k_64_6_0.01_10197885_registers_only/trainer_0/ae.pt,True,d82b4f9ea637a816be0ae4d4ceae9deb4133878d950cbaaafebc1e1da143b7cd,facebook/dinov2-with-registers-small,small,enc_res_out_layer_8,8,261,"[1, 2, 3, 4]",[1:5),"[257, 258, 259, 260]",[257:261),False,4,"dictionary_learning.buffer._select_vision_tokens(training=True, token_subset='registers_only')","hidden_states[:, -num_register_tokens:, :]"
saes/facebook_dinov2-with-registers-small/enc_res_out_layer_8_top_k_64_6_0.01_21086896_registers_only/trainer_0,saes/facebook_dinov2-with-registers-small/enc_res_out_layer_8_top_k_64_6_0.01_21086896_registers_only/trainer_0/ae.pt,True,d82b4f9ea637a816be0ae4d4ceae9deb4133878d950cbaaafebc1e1da143b7cd,facebook/dinov2-with-registers-small,small,enc_res_out_layer_8,8,261,"[1, 2, 3, 4]",[1:5),"[257, 258, 259, 260]",[257:261),False,4,"dictionary_learning.buffer._select_vision_tokens(training=True, token_subset='registers_only')","hidden_states[:, -num_register_tokens:, :]"
